"","ID","Date","Level"
"16","107",2012-08-14,0
"17","103",2012-08-15,0.22
"18","101",2012-08-16,0.48
"19","102",2012-08-16,0.32
"20","104",2012-08-16,0.45
"22","001",2012-08-20,0.08
"23","003",2012-08-20,0
"24","103",2012-08-20,0.37
"25","107",2012-08-20,0.09
"26","115",2012-08-20,0.08
"27","Pen",2012-08-20,0.03
"28","008",2012-08-21,1.08
"29","102",2012-08-21,0.45
"30","Pen",2012-08-21,0.02
"33","101",2012-08-22,1.31
"34","104",2012-08-22,0.73
"35","105",2012-08-22,1.54
"36","Pen",2012-08-22,0.1
"37","Pen",2012-08-22,0.93
"38","004",2012-08-23,1.82
"39","006",2012-08-23,2.53
"40","112",2012-08-23,1.01
"41","117",2012-08-23,1.28
"42","118",2012-08-23,1.37
"43","001",2012-08-26,1.28
"44","115",2012-08-26,1.43
"45","003",2012-08-27,1.64
"46","010",2012-08-28,0.94
"47","012",2012-08-28,0.26
"48","101",2012-08-28,0.34
"49","104",2012-08-28,1
"50","105",2012-08-28,1.21
"51","107",2012-08-28,1.1
"52","118",2012-08-28,0.04
"53","008",2012-08-29,1.08
"54","103",2012-08-29,0.8
"55","112",2012-08-29,0.03
"56","004",2012-08-30,0.03
"57","006",2012-08-30,0
"58","102",2012-08-30,0.8
"59","117",2012-08-30,0
"60","Pen",2012-08-30,0.25
"61","010",2012-09-02,0.15
"62","012",2012-09-02,0.05
"63","115",2012-09-02,0
"64","008",2012-09-03,0.04
"65","001",2012-09-04,0.04
"66","003",2012-09-04,0.08
"67","104",2012-09-04,0.82
"68","105",2012-09-04,1.14
"69","107",2012-09-04,1.1
"70","112",2012-09-04,0.06
"71","004",2012-09-05,0.04
"72","006",2012-09-05,0.05
"73","101",2012-09-05,0.63
"74","102",2012-09-05,0.45
"75","103",2012-09-05,0.16
"76","117",2012-09-05,0.04
"77","118",2012-09-05,0.07
"78","Pen",2012-09-05,0.02
"79","115",2012-09-06,0.03
"80","001",2012-09-09,0
"81","003",2012-09-09,0
"82","112",2012-09-09,0.07
"83","010",2012-09-10,0
"84","115",2012-09-10,0
"85","117",2012-09-10,0
"86","118",2012-09-10,0
"87","012",2012-09-11,0
"88","103",2012-09-11,0
"89","004",2012-09-12,0.2
"90","006",2012-09-12,0.26
"91","008",2012-09-12,0.26
"92","101",2012-09-12,0.12
"93","102",2012-09-12,0.1
"94","104",2012-09-12,0.03
"95","105",2012-09-12,0.02
"97","001",2012-09-16,0.15
"98","003",2012-09-16,0.16
"99","104",2012-09-16,0
"100","Pen",2012-09-16,0.1
"101","101",2012-09-17,0
"102","102",2012-09-17,0
"103","105",2012-09-17,0
"104","004",2012-09-18,0
"105","006",2012-09-18,0
"106","103",2012-09-18,0
"107","118",2012-09-18,0.08
"108","008",2012-09-19,0
"109","112",2012-09-19,0
"110","115",2012-09-19,0
"111","010",2012-09-20,0
"112","012",2012-09-20,0
"113","117",2012-09-20,0.03
"114","107",2012-09-22,0
"115","001",2012-09-23,0
"116","008",2012-09-23,0
"117","003",2012-09-24,0
"118","004",2012-09-24,0
"119","006",2012-09-24,0
"120","010",2012-09-25,0
"121","012",2012-09-25,0
"122","117",2012-09-25,0
"123","118",2012-09-25,0
"124","105",2012-09-26,0
"125","112",2012-09-26,0
"126","115",2012-09-26,0
"127","101",2012-09-27,0
"128","102",2012-09-27,0
"129","103",2012-09-27,0
"130","104",2012-09-27,0
"131","107",2012-09-27,0
"132","104",2012-09-30,0
"133","105",2012-09-30,0
"134","117",2012-09-30,0
"135","118",2012-09-30,0
"136","101",2012-10-01,0
"137","102",2012-10-01,0
"138","103",2012-10-01,0
"139","112",2012-10-01,0.2
"140","115",2012-10-01,0.35
"141","010",2012-10-02,0
"142","012",2012-10-02,0
"143","107",2012-10-02,0
"144","118",2012-10-02,0
"145","003",2012-10-03,0
"146","008",2012-10-03,0
"147","001",2012-10-04,0
"148","004",2012-10-04,0
"149","006",2012-10-04,0
"150","101",2012-10-07,0
"151","102",2012-10-07,0
"152","115",2012-10-07,0
"153","118",2012-10-07,0
"154","103",2012-10-08,0
"155","112",2012-10-08,0
"156","010",2012-10-09,0
"157","012",2012-10-09,0
"158","104",2012-10-09,0
"159","105",2012-10-09,0
"160","107",2012-10-09,0
"161","001",2012-10-10,0
"162","003",2012-10-10,0
"163","008",2012-10-10,0
"164","004",2012-10-11,0.33
"165","006",2012-10-11,0.43
"166","115",2012-10-11,0.5
"167","Pen",2012-10-11,0.41
"168","Pen",2012-10-13,0.14
"169","104",2012-10-14,0.47
"170","001",2012-10-15,0.59
"171","003",2012-10-15,0.49
"172","101",2012-10-15,0.47
"173","102",2012-10-15,0.59
"174","105",2012-10-15,0.38
"175","004",2012-10-16,0.13
"176","006",2012-10-16,0.12
"177","008",2012-10-16,0.65
"178","103",2012-10-16,0.58
"179","112",2012-10-17,0.52
"180","117",2012-10-17,0.68
"181","118",2012-10-17,0.67
"182","010",2012-10-18,1
"183","012",2012-10-18,0.79
"184","107",2012-10-18,0.32
"185","115",2012-10-19,0.8
"186","010",2012-10-21,0
"187","012",2012-10-21,0
"188","112",2012-10-21,0
"189","117",2012-10-21,0
"190","118",2012-10-21,0
"191","001",2012-10-22,0
"192","107",2012-10-22,0
"193","004",2012-10-23,0
"194","006",2012-10-23,0
"195","103",2012-10-23,0
"196","003",2012-10-24,0
"197","008",2012-10-24,0
"198","101",2012-10-24,0.01
"199","102",2012-10-24,0
"200","104",2012-10-24,0
"201","105",2012-10-24,0
"202","115",2012-10-25,0
"203","118",2012-10-28,0
"204","115",2012-10-29,0
"205","117",2012-10-29,0
"206","112",2012-10-30,0
"207","101",2012-10-31,0
"208","102",2012-10-31,0
"209","103",2012-10-31,0
"210","104",2012-10-31,0
"211","105",2012-10-31,0
"212","107",2012-11-01,0
"213","001",2012-11-04,0
"214","003",2012-11-04,0
"215","004",2012-11-05,0
"216","006",2012-11-05,0
"217","008",2012-11-05,0
"218","010",2012-11-07,0
"219","012",2012-11-08,0
"220","010",2012-11-11,0.01
"221","012",2012-11-11,0.01
"222","103",2012-11-11,0
"223","117",2012-11-11,0
"224","118",2012-11-11,0
"225","004",2012-11-12,0.01
"226","006",2012-11-12,0.01
"227","112",2012-11-12,0
"228","115",2012-11-12,0
"229","001",2012-11-13,0
"230","003",2012-11-13,0
"231","101",2012-11-14,0
"232","104",2012-11-14,0
"233","008",2012-11-15,0
"234","102",2012-11-15,0
"235","107",2012-11-15,0
"236","101",2012-11-18,0
"237","102",2012-11-18,0
"238","103",2012-11-18,0
"239","104",2012-11-18,0
"240","105",2012-11-18,0
"241","112",2012-11-18,0
"242","117",2012-11-18,0
"243","118",2012-11-18,0
"244","107",2012-11-19,0
"245","115",2012-11-19,0
"246","003",2012-11-26,0
"247","004",2012-11-26,0
"248","006",2012-11-27,0
"249","008",2012-11-27,0
"250","010",2012-11-27,0
"251","012",2012-11-27,0
"252","001",2012-11-29,0
"253","112",2012-12-02,0
"254","115",2012-12-02,0
"255","107",2012-12-03,0
"256","117",2012-12-03,0
"257","118",2012-12-03,0
"258","101",2012-12-04,0
"259","104",2012-12-04,0
"260","105",2012-12-04,0
"261","102",2012-12-05,0
"262","103",2012-12-05,0
"263","001",2012-12-09,0
"264","003",2012-12-09,0
"265","010",2012-12-10,0
"266","004",2012-12-11,0
"267","006",2012-12-11,0
"268","008",2012-12-11,0
"269","012",2012-12-11,0
"270","001",2012-12-16,0.6
"271","003",2012-12-16,0.62
"272","004",2012-12-16,0.65
"273","006",2012-12-16,0.63
"274","008",2012-12-16,0.65
"275","010",2012-12-16,0.81
"276","012",2012-12-16,0.8
"277","107",2012-12-17,0.6
"278","118",2012-12-17,0.63
"279","104",2012-12-18,0.56
"280","105",2012-12-18,0.62
"281","112",2012-12-18,0.52
"282","117",2012-12-18,0.62
"283","101",2012-12-19,0.61
"284","102",2012-12-19,0.57
"285","104",2012-12-19,0.11
"286","105",2012-12-19,0.17
"287","107",2012-12-19,0.23
"288","112",2012-12-19,0.12
"289","115",2012-12-19,0.64
"290","117",2012-12-19,0.04
"291","118",2012-12-19,0.03
"292","Pen",2012-12-19,0.73
"293","103",2012-12-20,0.6
"294","001",2012-12-23,0
"295","003",2012-12-24,0.02
"296","008",2012-12-26,0.02
"297","004",2012-12-27,0.03
"298","006",2012-12-27,0.06
"299","010",2012-12-27,0.01
"300","012",2012-12-28,0.01
"301","101",2012-12-29,0
"302","102",2012-12-29,0
"303","103",2012-12-29,0
"304","104",2012-12-29,0
"305","105",2012-12-29,0
"306","107",2012-12-29,0
"307","112",2012-12-29,0
"308","115",2012-12-29,0
"309","117",2012-12-29,0
"310","118",2012-12-29,0
"311","Pen",2012-12-29,0
"312","107",2013-01-13,0
"313","104",2013-01-14,0
"314","105",2013-01-14,0
"315","101",2013-01-15,0
"316","102",2013-01-15,0
"317","103",2013-01-15,0
"318","112",2013-01-17,0
"319","115",2013-01-17,0
"320","117",2013-01-18,0
"321","118",2013-01-18,0
"322","010",2013-01-21,0
"323","012",2013-01-21,0
"324","001",2013-01-22,0
"325","003",2013-01-22,0
"326","008",2013-01-23,0
"327","004",2013-01-24,0.04
"328","006",2013-01-24,0.06
"329","Pen",2013-01-25,0.09
"330","Pen",2013-01-26,0.42
"331","001",2013-01-27,0.51
"332","003",2013-01-27,0.49
"333","004",2013-01-27,0.46
"334","006",2013-01-27,0.46
"335","008",2013-01-27,0.44
"336","010",2013-01-27,0.45
"337","012",2013-01-27,0.42
"338","112",2013-01-27,0.54
"339","115",2013-01-27,0.54
"340","Pen",2013-01-27,0.42
"341","107",2013-01-28,0.6
"342","117",2013-01-28,0.51
"343","118",2013-01-28,0.49
"344","104",2013-01-29,0.49
"345","105",2013-01-29,0.55
"346","101",2013-01-30,0.5
"347","102",2013-01-30,0.5
"348","103",2013-01-31,0.49
"349","010",2013-02-03,0
"350","012",2013-02-03,0
"351","008",2013-02-04,0
"352","004",2013-02-05,0
"353","006",2013-02-05,0
"354","001",2013-02-06,0
"355","003",2013-02-06,0
"356","115",2013-02-10,0.01
"357","117",2013-02-10,0
"358","118",2013-02-10,0.02
"359","112",2013-02-11,0.03
"360","Pen",2013-02-11,0.01
"361","103",2013-02-12,0.07
"362","107",2013-02-12,0.06
"363","101",2013-02-13,0.09
"364","102",2013-02-13,0.1
"365","104",2013-02-13,0.08
"366","105",2013-02-13,0.07
"367","001",2013-02-15,0.01
"368","003",2013-02-15,0.01
"369","004",2013-02-15,0.01
"370","006",2013-02-15,0.03
"371","008",2013-02-15,0.02
"372","010",2013-02-15,0.02
"373","012",2013-02-15,0.03
"374","Pen",2013-02-15,0
"375","008",2013-02-21,0.07
"376","001",2013-02-22,0.02
"377","003",2013-02-22,0.03
"378","004",2013-02-22,0.04
"379","006",2013-02-22,0.04
"380","010",2013-02-22,0.1
"381","012",2013-02-22,0.11
"382","101",2013-02-22,0
"383","102",2013-02-22,0
"384","103",2013-02-22,0
"385","104",2013-02-22,0.01
"386","105",2013-02-22,0.02
"387","107",2013-02-22,0.02
"388","112",2013-02-22,0.01
"389","115",2013-02-22,0.02
"390","117",2013-02-22,0.02
"391","118",2013-02-22,0.01
"392","Pen",2013-02-22,0.06
"393","Pen",2013-03-08,0.15
"394","001",2013-03-10,0.11
"395","003",2013-03-10,0.12
"396","008",2013-03-10,0.11
"397","010",2013-03-10,0.07
"398","012",2013-03-10,0.05
"399","101",2013-03-10,0.16
"400","102",2013-03-10,0.2
"401","104",2013-03-10,0.2
"402","105",2013-03-10,0.26
"403","107",2013-03-10,0.21
"404","118",2013-03-10,0.16
"405","004",2013-03-11,0.13
"406","006",2013-03-11,0.13
"407","112",2013-03-11,0.17
"408","115",2013-03-11,0.15
"409","117",2013-03-11,0.21
"410","103",2013-03-13,0.21
"411","001",2013-03-17,0
"412","103",2013-03-17,0
"413","Pen",2013-03-17,0
"414","104",2013-03-18,0
"415","107",2013-03-19,0
"416","010",2013-03-20,0
"417","012",2013-03-20,0
"418","101",2013-03-20,0
"419","105",2013-03-20,0
"420","112",2013-03-20,0
"421","115",2013-03-20,0
"422","117",2013-03-20,0
"423","118",2013-03-20,0
"424","003",2013-03-21,0
"425","004",2013-03-21,0
"426","006",2013-03-21,0
"427","008",2013-03-21,0
"428","102",2013-03-21,0
"429","004",2013-03-24,0
"430","006",2013-03-24,0
"431","010",2013-03-24,0
"432","012",2013-03-24,0
"433","107",2013-03-24,0
"434","001",2013-03-25,0
"435","003",2013-03-25,0
"436","112",2013-03-25,0
"437","118",2013-03-25,0
"438","104",2013-03-26,0
"439","105",2013-03-26,0
"440","117",2013-03-26,0
"441","008",2013-03-27,0
"442","115",2013-03-27,0
"443","101",2013-03-28,0
"444","102",2013-03-28,0
"445","103",2013-03-28,0
"446","010",2013-03-31,0
"447","012",2013-03-31,0
"448","107",2013-03-31,0
"449","Pen",2013-03-31,0
"450","001",2013-04-01,0
"451","105",2013-04-01,0
"452","112",2013-04-01,0
"453","003",2013-04-02,0
"454","104",2013-04-02,0
"455","115",2013-04-02,0
"456","004",2013-04-03,0
"457","006",2013-04-03,0
"458","102",2013-04-03,0
"459","103",2013-04-03,0
"460","117",2013-04-03,0
"461","008",2013-04-04,0
"462","101",2013-04-04,0
"463","118",2013-04-04,0
"464","010",2013-04-07,0
"465","012",2013-04-07,0
"466","112",2013-04-07,0
"467","115",2013-04-07,0
"468","Pen",2013-04-07,0
"469","117",2013-04-08,0
"470","001",2013-04-09,0
"471","003",2013-04-09,0
"472","008",2013-04-09,0
"473","012",2013-04-09,0.02
"474","102",2013-04-09,0
"475","103",2013-04-09,0.06
"476","107",2013-04-09,0.04
"477","112",2013-04-09,0.01
"478","115",2013-04-09,0
"479","117",2013-04-09,0.01
"480","118",2013-04-09,0.01
"481","Pen",2013-04-09,0.02
"482","004",2013-04-10,0
"483","006",2013-04-10,0
"484","101",2013-04-10,0.04
"485","104",2013-04-10,0.03
"486","105",2013-04-10,0.04
"487","001",2013-04-14,0
"488","107",2013-04-14,0
"489","003",2013-04-15,0
"490","104",2013-04-15,0
"491","105",2013-04-15,0
"492","004",2013-04-16,0
"493","006",2013-04-16,0
"494","008",2013-04-16,0
"495","101",2013-04-16,0
"496","102",2013-04-16,0
"497","010",2013-04-17,0
"498","012",2013-04-17,0
"499","103",2013-04-17,0
"500","112",2013-04-17,0
"501","115",2013-04-17,0
"502","118",2013-04-17,0
"503","117",2013-04-18,0
"504","004",2013-04-21,0
"505","006",2013-04-21,0
"506","107",2013-04-21,0
"507","Pen",2013-04-21,0
"508","001",2013-04-22,0
"509","003",2013-04-22,0
"510","101",2013-04-22,0
"511","102",2013-04-22,0
"512","104",2013-04-22,0
"513","105",2013-04-22,0
"514","008",2013-04-23,0
"515","012",2013-04-23,0
"516","112",2013-04-23,0
"517","117",2013-04-23,0
"518","118",2013-04-23,0
"519","010",2013-04-24,0
"520","115",2013-04-24,0
"521","107",2013-04-28,0
"522","112",2013-04-28,0
"523","Pen",2013-04-28,0
"524","010",2013-04-29,0
"525","012",2013-04-29,0
"526","118",2013-04-29,0
"527","004",2013-04-30,0
"528","006",2013-04-30,0
"529","101",2013-04-30,0
"530","115",2013-04-30,0
"531","001",2013-05-01,0
"532","008",2013-05-01,0
"533","102",2013-05-01,0
"534","104",2013-05-01,0
"535","105",2013-05-01,0
"536","117",2013-05-01,0
"537","003",2013-05-02,0
"538","103",2013-05-02,0
"539","010",2013-05-05,0
"540","012",2013-05-05,0
"541","Pen",2013-05-05,0
"542","008",2013-05-06,0
"543","103",2013-05-06,0
"544","004",2013-05-07,0
"545","006",2013-05-07,0
"546","102",2013-05-07,0
"547","112",2013-05-07,0
"548","115",2013-05-07,0
"549","117",2013-05-07,0
"550","118",2013-05-07,0
"551","001",2013-05-08,0
"552","003",2013-05-08,0
"553","101",2013-05-08,0
"554","107",2013-05-08,0
"555","104",2013-05-09,0
"556","105",2013-05-09,0
"557","010",2013-05-12,0.06
"558","001",2013-05-13,0
"559","003",2013-05-13,0
"560","004",2013-05-13,0
"561","012",2013-05-13,0.02
"562","102",2013-05-13,0
"563","103",2013-05-13,0
"564","101",2013-05-14,0
"565","104",2013-05-14,0
"566","105",2013-05-14,0
"567","006",2013-05-15,0
"568","006",2013-05-15,0
"569","008",2013-05-15,0
"570","118",2013-05-16,0
"571","118",2013-05-16,0
"572","004",2013-05-19,0
"573","006",2013-05-19,0
"574","008",2013-05-20,0
"575","001",2013-05-26,0
"576","004",2013-05-26,0
"577","003",2013-05-27,0
"578","010",2013-05-28,0
"579","012",2013-05-28,0
"580","112",2013-05-28,0
"581","115",2013-05-28,0
"582","117",2013-05-29,0
"583","118",2013-05-29,0
"584","008",2013-06-24,0
"585","104",2013-06-24,0
"586","105",2013-06-24,0
"587","115",2013-06-24,0
"588","003",2013-06-25,0
"589","102",2013-06-25,0
"590","103",2013-06-25,0
"591","112",2013-06-25,0
"592","001",2013-06-26,0
"593","004",2013-06-26,0
"595","117",2013-06-26,0
"597","006",2013-06-27,0
"598","010",2013-06-27,0
"599","012",2013-06-27,0
"600","010",2013-07-07,0.05
"601","012",2013-07-07,0.09
"602","112",2013-07-07,0
"603","115",2013-07-07,0.02
"604","101",2013-07-08,0
"605","103",2013-07-08,0.05
"606","104",2013-07-08,0.02
"607","105",2013-07-08,0.05
"608","001",2013-07-09,0.01
"609","003",2013-07-09,0
"610","004",2013-07-09,0
"611","006",2013-07-09,0
"612","008",2013-07-09,0.1
"613","102",2013-07-10,0.02
"614","117",2013-07-10,0
"615","118",2013-07-10,0
"616","107",2013-07-11,0.05
"617","004",2013-07-14,0.08
"618","006",2013-07-14,0.07
"619","104",2013-07-14,0.01
"620","105",2013-07-14,0.02
"621","001",2013-07-15,0.02
"622","003",2013-07-15,0.05
"623","101",2013-07-15,0.02
"624","102",2013-07-15,0.01
"625","112",2013-07-15,0
"626","115",2013-07-15,0.02
"627","010",2013-07-16,0.02
"628","012",2013-07-16,0.05
"629","103",2013-07-16,0.01
"630","107",2013-07-16,0.05
"631","008",2013-07-17,0
"632","117",2013-07-17,0.02
"633","118",2013-07-17,0.04
"634","001",2013-07-21,0.74
"635","003",2013-07-21,0.93
"636","104",2013-07-21,0.33
"637","105",2013-07-21,0.6
"638","Pen",2013-07-21,0.55
"639","010",2013-07-22,1.31
"640","012",2013-07-22,1.72
"641","101",2013-07-22,0.2
"642","102",2013-07-22,0.17
"643","115",2013-07-22,0.34
"644","117",2013-07-22,0.37
"645","118",2013-07-22,0.36
"646","008",2013-07-23,0.68
"647","103",2013-07-23,0.09
"648","004",2013-07-24,0.74
"649","006",2013-07-24,0.62
"650","107",2013-07-24,2.55
"651","112",2013-07-25,0.27
"652","001",2013-07-28,0.1
"653","115",2013-07-28,0.58
"654","Pen",2013-07-28,0.48
"655","004",2013-07-29,0.3
"656","006",2013-07-29,0.52
"657","008",2013-07-29,2.63
"658","010",2013-07-29,0.46
"659","012",2013-07-29,0.4
"660","104",2013-07-29,2.45
"661","105",2013-07-29,1.97
"662","003",2013-07-30,0.42
"663","101",2013-07-30,1.85
"664","103",2013-07-30,0.95
"665","102",2013-07-31,1.65
"666","107",2013-07-31,0.38
"667","112",2013-07-31,1.6
"668","117",2013-07-31,0.54
"669","118",2013-07-31,0.6
"670","001",2013-08-04,0.12
"671","003",2013-08-04,0
"672","004",2013-08-04,0.04
"673","006",2013-08-04,0
"674","008",2013-08-04,0
"675","Pen",2013-08-04,0
"676","102",2013-08-05,0
"677","103",2013-08-05,0
"678","104",2013-08-05,0
"679","105",2013-08-05,0
"680","010",2013-08-06,0
"681","012",2013-08-06,0
"682","112",2013-08-06,0
"683","115",2013-08-06,0
"684","101",2013-08-07,0
"685","107",2013-08-07,0
"686","112",2013-08-07,0
"687","117",2013-08-07,0
"688","118",2013-08-07,0
"690","101",2013-08-13,0
"691","102",2013-08-13,0
"692","104",2013-08-13,0
"696","008",2013-08-19,0.7
"697","107",2013-08-19,0.83
"698","115",2013-08-19,1.2
"699","010",2013-08-20,0.69
"700","012",2013-08-20,0.6
"701","102",2013-08-20,0.55
"702","103",2013-08-20,0.62
"703","104",2013-08-20,0.96
"704","105",2013-08-20,1.08
"705","Pen",2013-08-20,0.85
"706","001",2013-08-21,0.51
"707","003",2013-08-21,0.56
"708","101",2013-08-21,0.54
"709","117",2013-08-22,0.76
"710","118",2013-08-22,0.95
"711","Pen",2013-08-23,0.33
"712","004",2013-08-25,0.7
"713","006",2013-08-25,0.71
"714","112",2013-08-25,1.03
"715","Pen",2013-08-25,0.89
"716","107",2013-08-26,0.61
"717","010",2013-08-27,0.68
"718","012",2013-08-27,0.96
"719","104",2013-08-27,0.73
"720","001",2013-08-28,0.64
"721","003",2013-08-28,0.44
"722","008",2013-08-28,0.46
"723","102",2013-08-28,0.87
"724","103",2013-08-28,1.08
"725","105",2013-08-28,0.71
"726","115",2013-08-28,0.4
"727","101",2013-08-29,0.71
"728","117",2013-08-29,0.94
"729","118",2013-08-29,1.77
"730","Pen",2013-08-29,0.36
"731","Pen",2013-08-31,0.43
"732","010",2013-09-01,0
"733","012",2013-09-01,0
"734","107",2013-09-01,0.68
"735","008",2013-09-02,0
"736","104",2013-09-02,0.38
"737","105",2013-09-02,0.79
"738","112",2013-09-02,0.95
"739","004",2013-09-03,0.43
"740","006",2013-09-03,0.44
"741","101",2013-09-03,0.54
"742","115",2013-09-03,0.1
"743","001",2013-09-04,0.02
"744","003",2013-09-04,0.04
"745","102",2013-09-04,0.17
"746","117",2013-09-04,0.26
"747","118",2013-09-04,0.33
"748","103",2013-09-05,0.21
"749","001",2013-09-08,0.29
"750","107",2013-09-08,0.69
"751","Pen",2013-09-08,0.72
"752","003",2013-09-09,0.21
"753","008",2013-09-09,0.52
"754","104",2013-09-09,1.03
"755","105",2013-09-09,0.88
"756","112",2013-09-10,1.07
"757","115",2013-09-10,0.67
"758","010",2013-09-11,0.61
"759","012",2013-09-11,0.32
"760","101",2013-09-11,1.58
"761","102",2013-09-11,1.13
"762","117",2013-09-11,0.64
"763","118",2013-09-11,0.59
"764","004",2013-09-12,0.71
"765","006",2013-09-12,0.51
"766","103",2013-09-12,1.01
"767","001",2013-09-15,0.54
"768","Pen",2013-09-15,0.24
"769","004",2013-09-16,0
"770","006",2013-09-16,0
"771","107",2013-09-16,0.56
"772","112",2013-09-16,0.03
"773","117",2013-09-16,0
"774","118",2013-09-16,0
"775","008",2013-09-17,0.53
"776","105",2013-09-17,0.71
"778","012",2013-09-18,0.05
"779","101",2013-09-18,0
"780","103",2013-09-18,0
"781","104",2013-09-18,0.67
"782","115",2013-09-18,0.02
"783","003",2013-09-19,0.55
"784","102",2013-09-19,0
"785","Pen",2013-10-10,0.54
"786","001",2013-10-13,0.23
"787","003",2013-10-13,0.21
"788","004",2013-10-13,0.21
"789","006",2013-10-13,0.25
"790","008",2013-10-13,0.21
"791","107",2013-10-14,0.41
"792","115",2013-10-14,0.32
"793","117",2013-10-14,0.4
"794","010",2013-10-15,0.16
"795","012",2013-10-15,0.5
"796","102",2013-10-15,0.36
"797","103",2013-10-15,0.43
"798","104",2013-10-15,0.36
"799","105",2013-10-15,0.4
"800","112",2013-10-16,0.41
"801","118",2013-10-16,0.32
"802","101",2013-10-21,0.36
"803","Pen",2013-11-23,1.51
"804","101",2013-11-24,1.31
"805","102",2013-11-24,1.22
"806","104",2013-11-25,1.53
"807","105",2013-11-25,1.63
"808","107",2013-11-25,1.98
"809","115",2013-11-25,1.62
"810","117",2013-11-25,1.4
"811","118",2013-11-25,1.36
"812","112",2013-11-26,1.71
"813","103",2013-11-27,1.23
"814","001",2013-12-01,1.01
"815","003",2013-12-01,1.06
"816","004",2013-12-02,1.32
"817","006",2013-12-02,1.69
"818","008",2013-12-03,1.09
"819","010",2013-12-04,0.71
"820","012",2013-12-04,0.93
"821","Pen",2013-12-04,0.07
"822","102",2013-12-10,0.04
"823","103",2013-12-10,0.03
"824","118",2013-12-10,0.05
"825","112",2013-12-11,0.05
"826","115",2013-12-11,0.05
"827","117",2013-12-11,0.04
"828","001",2013-12-12,0.06
"829","003",2013-12-12,0.08
"830","004",2013-12-12,0.09
"831","006",2013-12-12,0.11
"832","008",2013-12-12,0.11
"833","101",2013-12-13,0.05
"834","104",2013-12-13,0.04
"835","105",2013-12-13,0.05
"836","107",2013-12-13,0.12
"837","Pen",2014-02-06,0.15
"838","101",2014-02-07,0.22
"839","102",2014-02-07,0.21
"840","103",2014-02-07,0.17
"841","104",2014-02-07,0.21
"842","107",2014-02-07,0.13
"843","112",2014-02-08,0.23
"844","115",2014-02-08,0.17
"845","117",2014-02-08,0.16
"846","118",2014-02-08,0.09
"847","001",2014-02-09,0.11
"848","003",2014-02-09,0.12
"849","004",2014-02-10,0.14
"850","006",2014-02-10,0.12
"851","008",2014-02-11,0.08
"852","010",2014-02-12,0.15
"853","012",2014-02-12,0.15
"854","Pen",2014-03-01,0.33
"855","006",2014-03-02,0.35
"856","008",2014-03-03,0.21
"857","010",2014-03-03,0.31
"858","012",2014-03-03,0.19
"859","004",2014-03-04,0.32
"860","104",2014-03-04,0.34
"861","112",2014-03-04,0.37
"862","001",2014-03-05,0.21
"863","003",2014-03-05,0.26
"864","115",2014-03-05,0.27
"865","117",2014-03-05,0.28
"866","118",2014-03-05,0.28
"867","101",2014-03-06,0.28
"868","102",2014-03-06,0.26
"869","103",2014-03-06,0.23
"870","107",2014-03-06,0.59
"871","Pen",2014-03-31,0.31
"872","Pen",2014-04-26,0.12
"873","001",2014-04-27,0.03
"874","003",2014-04-27,0.05
"875","107",2014-04-27,0.32
"876","004",2014-04-28,0.09
"877","006",2014-04-28,0.16
"878","101",2014-04-28,0.19
"879","104",2014-04-28,0.28
"880","102",2014-04-29,0.11
"881","103",2014-04-29,0.09
"882","112",2014-04-29,0.22
"883","115",2014-04-29,0.11
"884","117",2014-04-29,0.06
"885","010",2014-04-30,0.11
"886","012",2014-04-30,0.12
"887","118",2014-04-30,0.08
"888","008",2014-05-01,0.07
"889","012",2014-05-07,0
"890","010",2014-05-08,0
"891","004",2014-05-11,0
"892","006",2014-05-11,0.01
"893","107",2014-05-11,0
"894","008",2014-05-12,0
"895","101",2014-05-12,0.01
"896","104",2014-05-12,0.02
"897","118",2014-05-12,0
"898","003",2014-05-13,0
"899","102",2014-05-13,0
"900","103",2014-05-13,0
"901","112",2014-05-13,0
"902","115",2014-05-13,0
"903","117",2014-05-13,0
"904","001",2014-05-14,0
"905","Pen",2014-05-24,0
"906","003",2014-05-25,0
"907","004",2014-05-25,0
"908","006",2014-05-25,0
"909","107",2014-05-25,0
"910","008",2014-05-26,0
"911","010",2014-05-26,0
"912","012",2014-05-26,0
"913","101",2014-05-26,0
"914","102",2014-05-26,0
"915","104",2014-05-26,0
"916","103",2014-05-27,0
"917","112",2014-05-27,0
"918","115",2014-05-27,0
"919","117",2014-05-28,0
"920","118",2014-05-28,0
"921","001",2014-07-06,0.05
"922","010",2014-07-06,0.33
"923","012",2014-07-06,0.32
"924","004",2014-07-07,0.04
"926","103",2014-07-07,0.09
"927","107",2014-07-07,1.03
"928","Pen",2014-07-07,0.4
"929","003",2014-07-08,0.02
"930","115",2014-07-08,0.1
"931","Pen",2014-07-08,0.42
"932","008",2014-07-09,0.33
"933","117",2014-07-09,1.33
"934","104",2014-07-10,0.06
"935","112",2014-07-10,1.06
"936","118",2014-07-10,0.82
"937","101",2014-07-11,0.06
"938","102",2014-07-11,0.08
"939","003",2014-07-13,0.49
"940","112",2014-07-13,0
"941","102",2014-07-14,0
"942","103",2014-07-14,0.08
"943","115",2014-07-14,0.58
"944","117",2014-07-14,0
"945","004",2014-07-15,0.64
"946","006",2014-07-15,0.52
"947","008",2014-07-15,0
"948","118",2014-07-15,0
"949","010",2014-07-16,0.08
"950","012",2014-07-16,0.12
"951","104",2014-07-16,0
"952","101",2014-07-17,0
"953","107",2014-07-17,0.26
"954","001",2014-07-20,0.67
"955","003",2014-07-20,0.08
"956","107",2014-07-20,0
"957","112",2014-07-20,0
"958","004",2014-07-21,0.05
"959","104",2014-07-21,0
"960","115",2014-07-21,0
"961","101",2014-07-22,0
"962","102",2014-07-22,0
"963","006",2014-07-23,0.09
"964","008",2014-07-23,0.01
"965","103",2014-07-23,0
"966","117",2014-07-23,0
"967","118",2014-07-23,0
"968","010",2014-07-24,0.09
"969","012",2014-07-24,0
"970","001",2014-07-27,0.01
"971","003",2014-07-27,0
"972","107",2014-07-27,0
"973","115",2014-07-27,0
"974","101",2014-07-28,0
"975","102",2014-07-28,0.01
"976","112",2014-07-28,0.05
"977","117",2014-07-28,0.02
"978","Pen",2014-07-28,0.25
"979","008",2014-07-29,0.7
"980","104",2014-07-29,0.15
"981","004",2014-07-30,1.21
"982","006",2014-07-30,1.64
"983","103",2014-07-30,0.19
"984","118",2014-07-30,0.8
"985","010",2014-07-31,0.01
"986","012",2014-07-31,0.02
"987","001",2014-08-03,0.53
"988","003",2014-08-03,0.72
"989","004",2014-08-03,0.13
"990","006",2014-08-03,0.12
"991","008",2014-08-03,0.3
"992","Pen",2014-08-03,0.41
"993","115",2014-08-04,2.38
"994","117",2014-08-04,2.4
"995","118",2014-08-04,1.45
"996","Pen",2014-08-04,0.55
"997","103",2014-08-05,0.55
"998","112",2014-08-05,0.75
"999","010",2014-08-06,0.45
"1000","012",2014-08-06,0.45
"1001","101",2014-08-07,0.94
"1002","102",2014-08-07,0.73
"1003","107",2014-08-07,0.86
"1004","001",2014-08-10,0.69
"1005","004",2014-08-10,0.92
"1006","006",2014-08-10,0.91
"1007","008",2014-08-10,0.15
"1008","003",2014-08-11,0.95
"1009","010",2014-08-11,0
"1010","012",2014-08-11,0
"1011","102",2014-08-12,0.02
"1012","103",2014-08-12,0
"1013","112",2014-08-12,0
"1014","115",2014-08-13,0.97
"1015","Pen",2014-08-13,0.46
"1016","117",2014-08-14,0.61
"1017","118",2014-08-14,0.39
"1018","010",2014-08-17,0.02
"1019","012",2014-08-17,0.02
"1020","107",2014-08-17,0.83
"1021","101",2014-08-18,0
"1022","104",2014-08-18,0
"1023","001",2014-08-19,0.56
"1024","003",2014-08-19,0.94
"1025","004",2014-08-19,1.23
"1026","006",2014-08-19,1.45
"1027","008",2014-08-19,1.13
"1028","102",2014-08-20,0.59
"1029","103",2014-08-20,0.23
"1030","112",2014-08-20,0.54
"1031","115",2014-08-20,0
"1032","117",2014-08-21,0
"1033","118",2014-08-21,0.07
"1034","Pen",2014-08-21,0.93
"1035","001",2014-08-24,0.5
"1036","003",2014-08-25,0.91
"1037","004",2014-08-25,1.26
"1038","006",2014-08-25,1.5
"1039","103",2014-08-25,0.8
"1040","107",2014-08-25,0.61
"1041","118",2014-08-25,0.49
"1042","101",2014-08-26,0.25
"1043","102",2014-08-26,0.53
"1044","104",2014-08-26,0.19
"1045","008",2014-08-27,0.98
"1046","012",2014-08-27,0.34
"1047","112",2014-08-27,0.3
"1048","117",2014-08-27,0.37
"1049","010",2014-08-28,0.52
"1050","118",2014-09-07,0.16
"1051","107",2014-09-08,0.42
"1052","115",2014-09-08,0.49
"1053","101",2014-09-09,1.38
"1054","102",2014-09-09,1.42
"1055","104",2014-09-09,1.38
"1056","004",2014-09-10,1.06
"1057","010",2014-09-10,1.65
"1058","012",2014-09-10,2.25
"1059","117",2014-09-10,1.98
"1060","003",2014-09-11,1.36
"1061","008",2014-09-11,1.94
"1062","112",2014-09-11,2.28
"1063","004",2014-09-14,0
"1064","006",2014-09-14,1.82
"1065","001",2014-09-15,1.29
"1066","003",2014-09-15,0
"1067","101",2014-09-15,0
"1068","104",2014-09-16,0
"1069","008",2014-09-17,0
"1070","012",2014-09-17,0
"1071","103",2014-09-17,1.24
"1072","107",2014-09-17,0.98
"1073","112",2014-09-17,0
"1074","010",2014-09-18,0
"1075","102",2014-09-18,0
"1076","115",2014-09-18,1.04
"1077","107",2014-09-21,1.48
"1078","101",2014-09-22,0
"1079","104",2014-09-22,0
"1080","006",2014-09-23,0
"1081","102",2014-09-23,0
"1082","112",2014-09-23,0
"1083","010",2014-09-24,0
"1084","103",2014-09-24,0
"1085","117",2014-09-24,0
"1086","118",2014-09-24,1.57
"1087","004",2014-09-25,0
"1088","012",2014-09-25,0
"1089","115",2014-09-25,0
"1090","107",2014-09-28,0
"1091","101",2014-09-29,0.05
"1092","104",2014-09-29,0.04
"1093","Pen",2014-09-29,0
"1094","003",2014-09-30,0.25
"1095","004",2014-09-30,0.2
"1096","006",2014-09-30,0.02
"1097","102",2014-09-30,0.12
"1098","112",2014-09-30,0
"1099","117",2014-09-30,0.07
"1100","001",2014-10-01,0.2
"1101","103",2014-10-01,0.06
"1102","115",2014-10-01,0.03
"1103","118",2014-10-01,0.09
"1104","008",2014-10-02,0.27
"1105","010",2014-10-02,0
"1106","012",2014-10-02,0
"1107","Pen",2014-12-03,0.42
"1108","101",2014-12-04,0.35
"1109","102",2014-12-04,0.33
"1110","004",2014-12-08,0.39
"1111","006",2014-12-08,0.43
"1112","001",2014-12-09,0.32
"1113","003",2014-12-09,0.36
"1114","008",2014-12-09,0.33
"1115","010",2014-12-11,0.3
"1116","012",2014-12-11,0
"1117","Pen",2014-12-12,0.14
"1118","Pen",2014-12-13,0.03
"1119","104",2014-12-14,0.53
"1120","107",2014-12-14,1.07
"1121","115",2014-12-14,0.53
"1122","101",2014-12-15,0.12
"1123","102",2014-12-16,0.11
"1124","103",2014-12-16,0.39
"1125","112",2014-12-16,0.65
"1126","117",2014-12-17,0.47
"1127","118",2014-12-17,0.48
"1128","Pen",2014-12-17,0.02
"1129","001",2014-12-23,0.06
"1130","003",2014-12-23,0.08
"1131","004",2014-12-24,0.1
"1132","006",2014-12-25,0.16
"1133","008",2014-12-26,0.08
"1134","010",2014-12-27,0.34
"1135","012",2014-12-27,0.28
"1136","104",2014-12-28,0.01
"1137","107",2014-12-28,0.03
"1139","115",2014-12-28,0
"1141","101",2014-12-30,0.01
"1142","102",2014-12-30,0.01
"1143","103",2014-12-30,0.01
"1144","118",2014-12-30,0.01
"1145","117",2014-12-31,0.01
"1146","104",2015-01-12,0.43
"1147","107",2015-01-12,0.51
"1148","Pen",2015-01-12,0.49
"1149","112",2015-01-13,0.5
"1150","115",2015-01-13,0.42
"1151","117",2015-01-13,0.49
"1152","101",2015-01-14,0.39
"1153","102",2015-01-14,0.41
"1154","118",2015-01-14,0.47
"1155","008",2015-01-18,0.28
"1156","004",2015-01-19,0.32
"1157","006",2015-01-19,0.33
"1158","010",2015-01-20,0.24
"1159","012",2015-01-20,0.25
"1160","003",2015-01-21,0.33
"1161","001",2015-01-22,0.32
"1162","102",2015-01-25,0
"1163","103",2015-01-25,0
"1164","115",2015-01-25,0
"1165","112",2015-01-26,0
"1166","117",2015-01-26,0
"1167","118",2015-01-26,0
"1168","104",2015-01-27,0
"1169","107",2015-01-28,0.25
"1170","101",2015-01-29,0.22
"1171","001",2015-02-01,0.57
"1172","003",2015-02-01,0.6
"1173","008",2015-02-02,0.5
"1174","004",2015-02-03,0.52
"1175","006",2015-02-03,0.61
"1176","010",2015-02-04,0.47
"1177","012",2015-02-04,0.45
"1178","103",2015-02-08,0.58
"1179","107",2015-02-08,0.51
"1180","115",2015-02-08,0.59
"1181","112",2015-02-09,0
"1182","117",2015-02-09,0.57
"1183","118",2015-02-09,0.57
"1184","102",2015-02-10,0.57
"1185","104",2015-02-11,0.37
"1186","101",2015-02-12,0.42
"1187","Pen",2015-02-23,0.83
"1188","112",2015-02-24,0.8
"1189","117",2015-02-24,0.77
"1190","118",2015-02-24,0.73
"1191","104",2015-02-25,0.68
"1192","003",2015-03-01,0.65
"1193","004",2015-03-01,0.66
"1194","006",2015-03-01,0.67
"1195","008",2015-03-01,0.75
"1196","001",2015-03-02,0.75
"1197","104",2015-03-02,0.39
"1198","107",2015-03-02,1.31
"1199","112",2015-03-02,0.39
"1200","115",2015-03-02,1.09
"1201","117",2015-03-02,0.35
"1202","010",2015-03-03,0.91
"1203","012",2015-03-03,0.94
"1204","118",2015-03-03,0.35
"1205","Pen",2015-03-03,0.38
"1206","101",2015-03-04,1.01
"1207","102",2015-03-04,0.93
"1208","103",2015-03-04,0.96
"1209","001",2015-03-08,0
"1210","004",2015-03-08,0.3
"1211","006",2015-03-08,0.35
"1212","103",2015-03-09,0
"1213","107",2015-03-09,0.02
"1214","101",2015-03-10,0
"1215","102",2015-03-10,0
"1216","104",2015-03-10,0.03
"1217","117",2015-03-10,0.02
"1218","118",2015-03-10,0.06
"1219","008",2015-03-11,0.25
"1220","010",2015-03-11,0
"1221","012",2015-03-11,0
"1222","115",2015-03-11,0
"1223","112",2015-03-12,0
"1224","003",2015-03-15,0
"1225","001",2015-03-16,0
"1226","010",2015-03-17,0
"1227","012",2015-03-17,0
"1228","107",2015-03-18,0
"1229","104",2015-03-19,0
"1230","004",2015-03-22,0
"1231","006",2015-03-22,0.01
"1232","117",2015-03-23,0
"1233","118",2015-03-23,0
"1234","112",2015-03-24,0
"1235","115",2015-03-24,0
"1236","010",2015-04-26,0.08
"1237","012",2015-04-26,0.09
"1238","107",2015-04-26,0.28
"1239","008",2015-04-27,0.07
"1240","102",2015-04-27,0.16
"1241","103",2015-04-27,0.15
"1242","115",2015-04-27,0.13
"1243","004",2015-04-28,0.07
"1244","006",2015-04-28,0.07
"1245","104",2015-04-28,0.14
"1246","112",2015-04-28,0.15
"1247","001",2015-04-29,0.03
"1248","003",2015-04-29,0.01
"1249","101",2015-04-29,0.15
"1250","117",2015-04-30,0.01
"1251","118",2015-04-30,0.01
"1252","008",2015-05-04,0.2
"1253","004",2015-05-05,0.05
"1254","101",2015-05-05,0.3
"1255","104",2015-05-05,0.06
"1256","112",2015-05-05,0.09
"1257","001",2015-05-06,0.22
"1258","003",2015-05-06,0.12
"1259","006",2015-05-06,0.01
"1260","107",2015-05-07,0.12
"1261","001",2015-05-10,0.05
"1262","107",2015-05-10,0
"1263","004",2015-05-11,0.03
"1264","006",2015-05-11,0.16
"1265","008",2015-05-11,0
"1266","003",2015-05-12,0.09
"1267","012",2015-05-13,0.01
"1268","103",2015-05-13,0.55
"1269","112",2015-05-13,0
"1270","117",2015-05-13,0.34
"1271","010",2015-05-14,0.03
"1272","102",2015-05-14,0
"1273","104",2015-05-14,0
"1274","118",2015-05-14,0.28
"1275","006",2015-05-16,0
"1276","101",2015-05-16,0
"1277","102",2015-05-17,0.49
"1278","103",2015-05-17,0
"1279","101",2015-05-18,0.17
"1280","115",2015-05-18,0.05
"1281","104",2015-05-19,0.04
"1282","107",2015-05-19,0.03
"1283","003",2015-05-20,0
"1284","112",2015-05-20,0.02
"1285","010",2015-05-21,0
"1286","012",2015-05-21,0
"1287","117",2015-05-21,0
"1288","118",2015-05-21,0.02
"1289","008",2015-05-24,0
"1290","102",2015-05-24,0.02
"1291","103",2015-05-24,0.02
"1292","101",2015-05-25,0.01
"1293","104",2015-05-25,0
"1294","006",2015-05-26,0
"1295","001",2015-05-27,0
"1296","003",2015-05-27,0
"1297","012",2015-05-27,0.04
"1298","112",2015-05-27,0
"1299","118",2015-05-27,0
"1300","010",2015-05-28,0.1
"1301","107",2015-05-28,0
"1302","115",2015-05-28,0
"1303","117",2015-05-28,0.02
"1304","107",2015-06-28,0
"1305","101",2015-06-29,0
"1306","104",2015-06-29,0
"1307","102",2015-06-30,0.7
"1308","103",2015-06-30,0
"1309","117",2015-07-01,0.2
"1310","118",2015-07-01,0.5
"1311","001",2015-07-06,0.27
"1312","004",2015-07-06,0.17
"1313","006",2015-07-06,0.18
"1314","104",2015-07-06,0.16
"1315","115",2015-07-06,0.8
"1316","008",2015-07-07,0.1
"1317","101",2015-07-07,0.39
"1318","102",2015-07-07,0.25
"1319","112",2015-07-07,0.88
"1320","117",2015-07-07,0.85
"1321","118",2015-07-07,0.36
"1322","010",2015-07-08,0.01
"1323","012",2015-07-08,0.02
"1324","103",2015-07-08,0.5
"1325","003",2015-07-09,0.15
"1326","107",2015-07-09,0.58
"1327","010",2015-07-12,0
"1328","012",2015-07-12,0
"1329","107",2015-07-12,0
"1330","112",2015-07-12,0.12
"1331","115",2015-07-12,0.26
"1332","117",2015-07-12,0.05
"1333","008",2015-07-13,0
"1334","102",2015-07-13,0
"1335","104",2015-07-13,0.28
"1336","118",2015-07-13,0.02
"1337","003",2015-07-14,0
"1338","101",2015-07-14,0
"1339","103",2015-07-14,0
"1340","004",2015-07-15,0.07
"1341","006",2015-07-15,0.3
"1342","001",2015-07-16,0
"1343","010",2015-07-19,0.1
"1344","012",2015-07-19,0.08
"1345","107",2015-07-19,0.06
"1346","008",2015-07-20,0.06
"1347","101",2015-07-20,0.08
"1348","102",2015-07-20,0.1
"1349","104",2015-07-20,0.1
"1350","001",2015-07-21,0.08
"1351","003",2015-07-21,0.08
"1352","112",2015-07-21,0.24
"1353","115",2015-07-21,0.16
"1354","004",2015-07-22,0.08
"1355","117",2015-07-22,0.11
"1356","118",2015-07-22,0.07
"1357","006",2015-07-23,1.2
"1358","010",2015-07-28,0.16
"1359","012",2015-07-28,0.02
"1360","Pen",2015-07-30,0.07
"1361","Pen",2015-08-01,0.2
"1362","004",2015-08-02,0
"1363","004",2015-08-02,0
"1364","006",2015-08-02,0
"1365","008",2015-08-02,0
"1366","001",2015-08-03,0
"1367","107",2015-08-03,1.43
"1368","010",2015-08-04,0.03
"1369","012",2015-08-04,0.06
"1370","101",2015-08-05,0
"1371","104",2015-08-05,0.12
"1372","112",2015-08-05,0.42
"1373","115",2015-08-05,0
"1374","102",2015-08-06,0
"1375","103",2015-08-06,0
"1376","117",2015-08-06,0
"1377","118",2015-08-06,0
"1378","003",2015-08-09,0.02
"1379","004",2015-08-09,0
"1380","006",2015-08-09,0
"1381","008",2015-08-09,0.07
"1382","001",2015-08-10,0
"1383","104",2015-08-10,0
"1384","107",2015-08-10,0
"1385","117",2015-08-10,0
"1386","118",2015-08-10,0.02
"1387","010",2015-08-11,0.15
"1388","012",2015-08-11,0.03
"1389","101",2015-08-11,0
"1390","102",2015-08-11,0
"1391","112",2015-08-11,0
"1392","115",2015-08-11,0
"1393","103",2015-08-12,0
"1394","Pen",2015-08-15,0.03
"1395","004",2015-08-16,0.07
"1396","006",2015-08-16,0.08
"1397","107",2015-08-16,0.05
"1398","101",2015-08-17,0
"1399","102",2015-08-17,0
"1400","115",2015-08-17,0.09
"1401","117",2015-08-17,0.04
"1402","118",2015-08-17,0.03
"1403","003",2015-08-18,0.13
"1404","104",2015-08-18,0
"1405","112",2015-08-18,0.01
"1406","001",2015-08-19,0.14
"1407","008",2015-08-19,0.03
"1408","103",2015-08-19,0
"1409","010",2015-08-20,0.05
"1410","012",2015-08-20,0.02
"1411","004",2015-08-26,1
"1412","006",2015-08-26,0.8
"1413","001",2015-08-27,0.12
"1414","008",2015-08-30,0.07
"1415","107",2015-08-30,0.68
"1416","118",2015-08-30,0.01
"1417","010",2015-08-31,0
"1418","012",2015-08-31,0
"1419","101",2015-08-31,0
"1420","104",2015-08-31,0
"1421","112",2015-08-31,0.03
"1422","115",2015-08-31,0.02
"1423","117",2015-08-31,0.01
"1424","001",2015-09-01,0
"1425","003",2015-09-01,0.1
"1426","102",2015-09-01,0
"1427","103",2015-09-01,0
"1428","004",2015-09-02,0
"1429","006",2015-09-03,0.04
"1430","010",2015-09-10,0
"1431","012",2015-09-10,0
"1432","008",2015-09-14,0.06
"1433","003",2015-09-15,0.07
"1434","001",2015-09-16,0.17
"1435","010",2015-09-20,0.19
"1436","012",2015-09-20,0.2
"1437","104",2015-09-20,0.1
"1438","115",2015-09-20,0.09
"1439","001",2015-09-21,0
"1440","003",2015-09-21,0.09
"1441","008",2015-09-21,0.16
"1442","112",2015-09-21,0.03
"1443","117",2015-09-21,0.03
"1444","102",2015-09-22,0.11
"1445","103",2015-09-22,0.05
"1446","118",2015-09-22,0.02
"1447","004",2015-09-23,0.11
"1448","006",2015-09-23,0.22
"1449","101",2015-09-23,0.07
"1450","104",2015-09-23,0
"1451","008",2015-09-24,0
"1452","107",2015-09-24,0.1
"1453","003",2015-10-04,0
"1454","104",2015-10-06,0.57
"1455","Pen",2015-10-06,0.51
"1456","008",2015-10-07,0.57
"1457","101",2015-10-07,0.36
"1458","102",2015-10-07,0.56
"1459","103",2015-10-07,0.49
"1460","001",2015-10-08,0.34
"1461","004",2015-10-08,0.37
"1462","006",2015-10-08,0.26
"1463","010",2015-10-08,0.48
"1464","012",2015-10-08,0.62
"1465","004",2015-10-11,0
"1466","006",2015-10-11,0
"1467","107",2015-10-12,0.62
"1468","117",2015-10-12,0.29
"1469","118",2015-10-12,0.31
"1470","112",2015-10-14,0.5
"1471","115",2015-10-15,0.31
"1472","001",2015-10-18,0.26
"1473","003",2015-10-18,0.73
"1474","003",2015-10-18,0.4
"1475","Pen",2015-10-18,0.41
"1476","008",2015-10-19,0.57
"1477","117",2015-10-19,0.48
"1478","118",2015-10-19,0.48
"1479","Pen",2015-10-19,0.18
"1480","010",2015-10-20,0.91
"1481","012",2015-10-20,1.1
"1482","101",2015-10-20,0.68
"1483","102",2015-10-20,0.61
"1484","104",2015-10-20,0.71
"1485","103",2015-10-21,0.39
"1486","107",2015-10-21,0.78
"1487","112",2015-10-21,0.53
"1488","115",2015-10-21,0.49
"1489","006",2015-10-25,0.3
"1490","010",2015-10-25,0
"1491","012",2015-10-25,0
"1492","008",2015-10-26,0
"1493","004",2015-10-27,0.09
"1494","006",2015-10-27,0.16
"1495","003",2015-10-28,0.05
"1496","112",2015-10-28,0
"1497","115",2015-10-28,0
"1498","001",2015-10-29,0.04
"1499","117",2015-10-29,0
"1500","118",2015-10-29,0
"1501","107",2015-11-08,0.17
"1502","112",2015-11-08,0.12
"1503","115",2015-11-08,0.16
"1504","102",2015-11-09,0.18
"1505","104",2015-11-09,0.05
"1506","117",2015-11-09,0.18
"1507","101",2015-11-10,0.18
"1508","103",2015-11-10,0.2
"1509","118",2015-11-11,0.2
"1510","102",2015-11-17,0.14
"1511","103",2015-11-17,0.13
"1512","115",2015-11-18,0.11
"1513","107",2015-11-19,0.16
"1514","112",2015-11-19,0.11
"1515","117",2015-11-19,0.08
"1516","118",2015-11-19,0.08
"1517","004",2015-11-22,0.2
"1518","006",2015-11-22,0.25
"1519","008",2015-11-23,0.22
"1520","010",2015-11-24,0.24
"1521","012",2015-11-24,0.27
"1522","003",2015-11-25,0.16
"1523","001",2015-11-26,0.03
"1524","Pen",2015-11-28,0.09
"1525","101",2015-12-14,0.09
"1526","103",2015-12-14,0.09
"1527","104",2015-12-14,0.1
"1528","107",2015-12-14,0.19
"1529","112",2015-12-16,0.1
"1530","115",2015-12-16,0.1
"1531","117",2015-12-16,0.05
"1532","118",2015-12-17,0.04
"1533","Pen",2015-12-20,0.04
"1534","107",2016-01-10,0.78
"1535","112",2016-01-10,0.76
"1536","115",2016-01-10,0.55
"1537","101",2016-01-11,0.57
"1538","104",2016-01-11,0.51
"1539","102",2016-01-13,0.43
"1540","103",2016-01-13,0.43
"1541","118",2016-01-13,0.52
"1542","117",2016-01-14,0.49
"1543","006",2016-01-17,0.59
"1544","004",2016-01-18,0.54
"1545","010",2016-01-18,0.87
"1546","012",2016-01-18,0.95
"1547","008",2016-01-19,0.66
"1548","001",2016-01-20,0.52
"1549","003",2016-01-20,0.61
"1550","101",2016-01-24,0.08
"1551","102",2016-01-24,0.08
"1552","103",2016-01-24,0.06
"1553","112",2016-01-24,0.18
"1554","115",2016-01-24,0.15
"1555","104",2016-01-25,0.16
"1556","107",2016-01-26,0.28
"1557","118",2016-01-28,0.06
"1558","004",2016-01-31,0.12
"1559","006",2016-01-31,0.1
"1560","Pen",2016-01-31,0.05
"1561","003",2016-02-02,0
"1562","008",2016-02-02,0.13
"1563","010",2016-02-03,0.12
"1564","012",2016-02-03,0.12
"1565","001",2016-02-04,0
"1566","101",2016-02-07,0.05
"1567","102",2016-02-07,0.05
"1568","103",2016-02-07,0.06
"1569","104",2016-02-08,0.04
"1570","112",2016-02-08,0.04
"1571","115",2016-02-08,0.03
"1572","107",2016-02-10,0.03
"1573","117",2016-02-10,0
"1574","118",2016-02-11,0.02
"1575","008",2016-02-21,0.06
"1576","107",2016-02-21,0.27
"1577","112",2016-02-21,0.14
"1578","115",2016-02-21,0.1
"1579","003",2016-02-22,0.06
"1580","117",2016-02-22,0.07
"1581","004",2016-02-23,0.08
"1582","006",2016-02-23,0.09
"1583","101",2016-02-23,0.2
"1584","102",2016-02-23,0.16
"1585","104",2016-02-23,0.24
"1586","010",2016-02-24,0.03
"1587","012",2016-02-24,0.05
"1588","118",2016-02-24,0.09
"1589","001",2016-02-25,0.02
"1590","008",2016-03-06,0.05
"1591","101",2016-03-06,0.03
"1592","004",2016-03-07,0
"1593","006",2016-03-07,0.1
"1594","010",2016-03-07,0
"1595","104",2016-03-07,0.07
"1596","107",2016-03-07,0.17
"1597","107",2016-03-07,0.05
"1598","115",2016-03-07,0.03
"1599","115",2016-03-07,0.02
"1600","Pen",2016-03-07,0.03
"1601","001",2016-03-08,0.07
"1602","112",2016-03-08,0.1
"1603","117",2016-03-08,0.03
"1604","Pen",2016-03-08,0.03
"1605","003",2016-03-09,0.05
"1606","102",2016-03-09,0.02
"1607","103",2016-03-09,0.01
"1608","012",2016-03-10,0
"1609","118",2016-03-10,0.02
"1610","Pen",2016-03-12,0.1
"1611","101",2016-03-13,0
"1612","102",2016-03-13,0
"1613","103",2016-03-13,0
"1614","112",2016-03-14,0.16
"1615","115",2016-03-14,0.07
"1616","001",2016-03-15,0
"1617","104",2016-03-15,0.07
"1618","117",2016-03-15,0.02
"1619","118",2016-03-15,0.02
"1620","003",2016-03-16,0
"1621","004",2016-03-16,0.5
"1622","006",2016-03-16,0.14
"1623","010",2016-03-17,0
"1624","012",2016-03-17,0
"1625","107",2016-04-10,0.98
"1626","Pen",2016-04-10,0.85
"1627","010",2016-04-11,1
"1628","012",2016-04-11,1.1
"1629","112",2016-04-11,1.11
"1630","117",2016-04-11,0.93
"1631","118",2016-04-11,0.95
"1632","004",2016-04-12,0.92
"1633","006",2016-04-12,1.09
"1634","101",2016-04-12,1.02
"1635","104",2016-04-12,1.38
"1636","003",2016-04-13,0.81
"1637","008",2016-04-13,0.86
"1638","102",2016-04-13,0.99
"1639","103",2016-04-13,0.49
"1640","001",2016-04-14,0.76
"1641","010",2016-04-17,0
"1642","012",2016-04-17,0
"1643","003",2016-04-18,0
"1644","004",2016-04-18,0
"1645","006",2016-04-18,0
"1646","107",2016-04-18,0.33
"1647","001",2016-04-19,0
"1648","003",2016-04-25,0.01
"1649","004",2016-04-25,0.01
"1650","012",2016-04-25,0.02
"1651","101",2016-04-25,0.29
"1652","107",2016-04-25,0.24
"1653","112",2016-04-25,0.33
"1654","115",2016-04-25,0.05
"1655","Pen",2016-04-25,0.14
"1656","001",2016-04-26,0.02
"1657","008",2016-04-26,0
"1658","006",2016-04-27,0
"1659","012",2016-04-27,0
"1660","104",2016-04-27,0.11
"1661","117",2016-04-27,0.36
"1662","118",2016-04-27,0.56
"1663","102",2016-04-28,0.27
"1664","103",2016-04-28,0.18
"1665","102",2016-05-01,0.53
"1666","103",2016-05-01,0.49
"1667","112",2016-05-01,0.46
"1668","010",2016-05-02,0.48
"1669","012",2016-05-02,0.45
"1670","101",2016-05-02,0.77
"1671","104",2016-05-02,0.62
"1672","115",2016-05-02,0.43
"1673","001",2016-05-03,0.52
"1674","008",2016-05-03,0.35
"1675","107",2016-05-03,0.35
"1676","004",2016-05-04,0.46
"1677","006",2016-05-04,0.4
"1678","112",2016-05-04,0
"1679","117",2016-05-04,0.54
"1680","003",2016-05-05,0.47
"1681","118",2016-05-05,0.48
"1682","001",2016-05-08,0.11
"1683","103",2016-05-08,0.16
"1684","107",2016-05-08,0.02
"1685","003",2016-05-09,0.12
"1686","004",2016-05-09,0.24
"1687","101",2016-05-09,0.22
"1688","102",2016-05-09,0.23
"1689","112",2016-05-09,0.05
"1690","008",2016-05-10,0.26
"1691","104",2016-05-10,0.07
"1692","006",2016-05-11,0.24
"1693","115",2016-05-11,0.08
"1694","010",2016-05-12,0.28
"1695","012",2016-05-12,0.14
"1696","117",2016-05-12,0.08
"1697","118",2016-05-12,0.01
"1698","115",2016-05-26,0.01
"1699","117",2016-05-26,0.02
"1700","Pen",2016-05-26,0.02
"1701","004",2016-05-29,0
"1702","006",2016-05-29,0
"1703","101",2016-05-29,0
"1704","112",2016-05-29,0
"1705","003",2016-05-30,0.06
"1706","008",2016-05-30,0.07
"1707","102",2016-05-30,0
"1708","001",2016-05-31,0
"1709","103",2016-05-31,0
"1710","104",2016-05-31,0
"1711","115",2016-05-31,0
"1712","117",2016-05-31,0
"1713","107",2016-06-01,0
"1714","118",2016-06-02,0
"1715","Pen",2016-06-11,0.08
"1716","101",2016-07-03,1.4
"1717","102",2016-07-03,1.65
"1718","107",2016-07-03,0.5
"1719","008",2016-07-04,0.1
"1720","117",2016-07-04,0.07
"1721","118",2016-07-04,0.18
"1722","004",2016-07-05,0.17
"1723","006",2016-07-05,0.08
"1724","112",2016-07-05,0.22
"1725","115",2016-07-05,0.01
"1726","003",2016-07-06,0.23
"1727","103",2016-07-06,1.72
"1728","104",2016-07-06,1.02
"1729","001",2016-07-07,0.17
"1730","Pen",2016-07-28,0.01
"1731","101",2016-08-02,0.12
"1732","112",2016-08-03,0.09
"1733","115",2016-08-03,0
"1734","102",2016-08-04,0.31
"1735","103",2016-08-04,0.23
"1736","Pen",2016-08-05,0.43
"1737","004",2016-08-07,0.3
"1738","006",2016-08-07,0.31
"1739","107",2016-08-07,0.45
"1740","117",2016-08-07,0.16
"1741","008",2016-08-08,0.68
"1742","104",2016-08-08,0.54
"1743","115",2016-08-08,0.3
"1744","112",2016-08-09,0.15
"1745","001",2016-08-10,0.6
"1746","101",2016-08-10,0.44
"1747","102",2016-08-10,0
"1748","103",2016-08-10,0
"1749","008",2016-08-21,0.56
"1750","104",2016-08-21,0
"1751","107",2016-08-21,0.15
"1752","001",2016-08-22,0.14
"1753","003",2016-08-22,0.1
"1754","101",2016-08-22,0
"1755","102",2016-08-22,0
"1756","004",2016-08-23,0.14
"1757","103",2016-08-23,0
"1758","006",2016-08-24,0.13
"1759","115",2016-08-24,0.2
"1760","117",2016-08-25,0
"1761","118",2016-08-25,0.11
"1762","Pen",2016-08-27,0.45
"1763","101",2016-08-28,0.55
"1764","102",2016-08-28,0.35
"1765","104",2016-08-28,0.82
"1766","107",2016-08-28,0.42
"1767","103",2016-08-29,0.2
"1768","115",2016-08-29,0
"1769","001",2016-08-30,0.01
"1770","003",2016-08-30,0
"1771","112",2016-08-30,0.35
"1772","117",2016-08-30,0.47
"1773","118",2016-08-31,0.82
"1774","004",2016-09-01,0
"1775","006",2016-09-01,0
"1776","008",2016-09-01,0
"1777","008",2016-09-22,0
"1778","102",2016-09-25,0
"1779","103",2016-09-25,0
"1780","101",2016-09-26,0
"1781","104",2016-09-26,0
"1782","107",2016-09-28,0
"1783","117",2016-09-29,0.02
"1784","118",2016-09-29,0
"1785","103",2016-10-25,0.5
"1786","010",2016-10-29,0.48
"1787","012",2016-10-29,0.26
"1788","101",2016-10-30,0.46
"1789","102",2016-10-30,0.53
"1790","107",2016-10-30,0.51
"1791","103",2016-10-31,0.02
"1792","104",2016-10-31,0.39
"1793","001",2016-11-01,0.31
"1794","003",2016-11-01,0.39
"1795","008",2016-11-01,0.26
"1796","004",2016-11-02,0.36
"1797","006",2016-11-02,0.35
"1798","112",2016-11-02,0.52
"1799","115",2016-11-02,0.51
"1800","117",2016-11-03,0.57
"1801","118",2016-11-03,0.52
